{
  "focal_point_on_target_canvas": [
    1716,
    370
  ],
  "start": 14.379999999999999,
  "end": 23.779999999999998
}